CREATE DATABASE  IF NOT EXISTS `task_management_db` /*!40100 DEFAULT CHARACTER SET utf8mb4 COLLATE utf8mb4_0900_ai_ci */ /*!80016 DEFAULT ENCRYPTION='N' */;
USE `task_management_db`;
-- MySQL dump 10.13  Distrib 8.0.36, for macos14 (x86_64)
--
-- Host: localhost    Database: task_management_db
-- ------------------------------------------------------
-- Server version	8.0.36

/*!40101 SET @OLD_CHARACTER_SET_CLIENT=@@CHARACTER_SET_CLIENT */;
/*!40101 SET @OLD_CHARACTER_SET_RESULTS=@@CHARACTER_SET_RESULTS */;
/*!40101 SET @OLD_COLLATION_CONNECTION=@@COLLATION_CONNECTION */;
/*!50503 SET NAMES utf8 */;
/*!40103 SET @OLD_TIME_ZONE=@@TIME_ZONE */;
/*!40103 SET TIME_ZONE='+00:00' */;
/*!40014 SET @OLD_UNIQUE_CHECKS=@@UNIQUE_CHECKS, UNIQUE_CHECKS=0 */;
/*!40014 SET @OLD_FOREIGN_KEY_CHECKS=@@FOREIGN_KEY_CHECKS, FOREIGN_KEY_CHECKS=0 */;
/*!40101 SET @OLD_SQL_MODE=@@SQL_MODE, SQL_MODE='NO_AUTO_VALUE_ON_ZERO' */;
/*!40111 SET @OLD_SQL_NOTES=@@SQL_NOTES, SQL_NOTES=0 */;

--
-- Table structure for table `Category`
--

DROP TABLE IF EXISTS `Category`;
/*!40101 SET @saved_cs_client     = @@character_set_client */;
/*!50503 SET character_set_client = utf8mb4 */;
CREATE TABLE `Category` (
  `CategoryID` int NOT NULL AUTO_INCREMENT,
  `Name` varchar(255) NOT NULL,
  PRIMARY KEY (`CategoryID`)
) ENGINE=InnoDB AUTO_INCREMENT=5 DEFAULT CHARSET=utf8mb4 COLLATE=utf8mb4_0900_ai_ci;
/*!40101 SET character_set_client = @saved_cs_client */;

--
-- Dumping data for table `Category`
--

LOCK TABLES `Category` WRITE;
/*!40000 ALTER TABLE `Category` DISABLE KEYS */;
INSERT INTO `Category` VALUES (1,'School'),(2,'Work'),(3,'Personal'),(4,'Health and Fitness');
/*!40000 ALTER TABLE `Category` ENABLE KEYS */;
UNLOCK TABLES;

--
-- Table structure for table `Priority`
--

DROP TABLE IF EXISTS `Priority`;
/*!40101 SET @saved_cs_client     = @@character_set_client */;
/*!50503 SET character_set_client = utf8mb4 */;
CREATE TABLE `Priority` (
  `PriorityID` int NOT NULL AUTO_INCREMENT,
  `Name` varchar(255) NOT NULL,
  PRIMARY KEY (`PriorityID`)
) ENGINE=InnoDB AUTO_INCREMENT=4 DEFAULT CHARSET=utf8mb4 COLLATE=utf8mb4_0900_ai_ci;
/*!40101 SET character_set_client = @saved_cs_client */;

--
-- Dumping data for table `Priority`
--

LOCK TABLES `Priority` WRITE;
/*!40000 ALTER TABLE `Priority` DISABLE KEYS */;
INSERT INTO `Priority` VALUES (1,'High'),(2,'Medium'),(3,'Low');
/*!40000 ALTER TABLE `Priority` ENABLE KEYS */;
UNLOCK TABLES;

--
-- Table structure for table `Status`
--

DROP TABLE IF EXISTS `Status`;
/*!40101 SET @saved_cs_client     = @@character_set_client */;
/*!50503 SET character_set_client = utf8mb4 */;
CREATE TABLE `Status` (
  `StatusID` int NOT NULL AUTO_INCREMENT,
  `Name` varchar(255) NOT NULL,
  PRIMARY KEY (`StatusID`)
) ENGINE=InnoDB AUTO_INCREMENT=4 DEFAULT CHARSET=utf8mb4 COLLATE=utf8mb4_0900_ai_ci;
/*!40101 SET character_set_client = @saved_cs_client */;

--
-- Dumping data for table `Status`
--

LOCK TABLES `Status` WRITE;
/*!40000 ALTER TABLE `Status` DISABLE KEYS */;
INSERT INTO `Status` VALUES (1,'Not Started'),(2,'In Progress'),(3,'Completed');
/*!40000 ALTER TABLE `Status` ENABLE KEYS */;
UNLOCK TABLES;

--
-- Table structure for table `Task`
--

DROP TABLE IF EXISTS `Task`;
/*!40101 SET @saved_cs_client     = @@character_set_client */;
/*!50503 SET character_set_client = utf8mb4 */;
CREATE TABLE `Task` (
  `TaskID` int NOT NULL AUTO_INCREMENT,
  `Title` varchar(255) NOT NULL,
  `Description` text,
  `DueDate` date DEFAULT NULL,
  `CategoryID` int DEFAULT NULL,
  `PriorityID` int DEFAULT NULL,
  `StatusID` int DEFAULT NULL,
  PRIMARY KEY (`TaskID`),
  KEY `CategoryID` (`CategoryID`),
  KEY `PriorityID` (`PriorityID`),
  KEY `StatusID` (`StatusID`),
  CONSTRAINT `task_ibfk_1` FOREIGN KEY (`CategoryID`) REFERENCES `Category` (`CategoryID`),
  CONSTRAINT `task_ibfk_2` FOREIGN KEY (`PriorityID`) REFERENCES `Priority` (`PriorityID`),
  CONSTRAINT `task_ibfk_3` FOREIGN KEY (`StatusID`) REFERENCES `Status` (`StatusID`)
) ENGINE=InnoDB AUTO_INCREMENT=7 DEFAULT CHARSET=utf8mb4 COLLATE=utf8mb4_0900_ai_ci;
/*!40101 SET character_set_client = @saved_cs_client */;

--
-- Dumping data for table `Task`
--

LOCK TABLES `Task` WRITE;
/*!40000 ALTER TABLE `Task` DISABLE KEYS */;
INSERT INTO `Task` VALUES (2,'User Design','Modify log in page','2024-05-01',2,2,3),(3,'Finish working on resume','Work on skill section','2024-04-20',3,3,3),(4,'city walk PPUA ','Finish blog post','2024-04-13',1,NULL,1),(6,'gym membership','cancel gym membership','2024-04-30',4,1,1);
/*!40000 ALTER TABLE `Task` ENABLE KEYS */;
UNLOCK TABLES;

--
-- Table structure for table `TaskComment`
--

DROP TABLE IF EXISTS `TaskComment`;
/*!40101 SET @saved_cs_client     = @@character_set_client */;
/*!50503 SET character_set_client = utf8mb4 */;
CREATE TABLE `TaskComment` (
  `CommentID` int NOT NULL AUTO_INCREMENT,
  `TaskID` int DEFAULT NULL,
  `Comment` text,
  `Timestamp` timestamp NULL DEFAULT CURRENT_TIMESTAMP,
  PRIMARY KEY (`CommentID`),
  KEY `TaskID` (`TaskID`),
  CONSTRAINT `taskcomment_ibfk_1` FOREIGN KEY (`TaskID`) REFERENCES `Task` (`TaskID`)
) ENGINE=InnoDB AUTO_INCREMENT=5 DEFAULT CHARSET=utf8mb4 COLLATE=utf8mb4_0900_ai_ci;
/*!40101 SET character_set_client = @saved_cs_client */;

--
-- Dumping data for table `TaskComment`
--

LOCK TABLES `TaskComment` WRITE;
/*!40000 ALTER TABLE `TaskComment` DISABLE KEYS */;
INSERT INTO `TaskComment` VALUES (2,2,'change colors','2024-04-13 11:13:37'),(3,3,'do not forget to ask advisor for review','2024-04-13 11:13:39');
/*!40000 ALTER TABLE `TaskComment` ENABLE KEYS */;
UNLOCK TABLES;

--
-- Table structure for table `User`
--

DROP TABLE IF EXISTS `User`;
/*!40101 SET @saved_cs_client     = @@character_set_client */;
/*!50503 SET character_set_client = utf8mb4 */;
CREATE TABLE `User` (
  `UserID` int NOT NULL AUTO_INCREMENT,
  `Username` varchar(255) NOT NULL,
  `Password` varchar(255) NOT NULL,
  `Email` varchar(255) NOT NULL,
  PRIMARY KEY (`UserID`)
) ENGINE=InnoDB DEFAULT CHARSET=utf8mb4 COLLATE=utf8mb4_0900_ai_ci;
/*!40101 SET character_set_client = @saved_cs_client */;

--
-- Dumping data for table `User`
--

LOCK TABLES `User` WRITE;
/*!40000 ALTER TABLE `User` DISABLE KEYS */;
/*!40000 ALTER TABLE `User` ENABLE KEYS */;
UNLOCK TABLES;

--
-- Dumping events for database 'task_management_db'
--

--
-- Dumping routines for database 'task_management_db'
--
/*!50003 DROP PROCEDURE IF EXISTS `CreateCategory` */;
/*!50003 SET @saved_cs_client      = @@character_set_client */ ;
/*!50003 SET @saved_cs_results     = @@character_set_results */ ;
/*!50003 SET @saved_col_connection = @@collation_connection */ ;
/*!50003 SET character_set_client  = utf8mb4 */ ;
/*!50003 SET character_set_results = utf8mb4 */ ;
/*!50003 SET collation_connection  = utf8mb4_0900_ai_ci */ ;
/*!50003 SET @saved_sql_mode       = @@sql_mode */ ;
/*!50003 SET sql_mode              = 'ONLY_FULL_GROUP_BY,STRICT_TRANS_TABLES,NO_ZERO_IN_DATE,NO_ZERO_DATE,ERROR_FOR_DIVISION_BY_ZERO,NO_ENGINE_SUBSTITUTION' */ ;
DELIMITER ;;
CREATE DEFINER=`root`@`localhost` PROCEDURE `CreateCategory`(IN categoryName VARCHAR(255))
BEGIN
    IF NOT EXISTS (SELECT * FROM Category WHERE Name = categoryName) THEN
        INSERT INTO Category(Name) VALUES (categoryName);
    END IF;
END ;;
DELIMITER ;
/*!50003 SET sql_mode              = @saved_sql_mode */ ;
/*!50003 SET character_set_client  = @saved_cs_client */ ;
/*!50003 SET character_set_results = @saved_cs_results */ ;
/*!50003 SET collation_connection  = @saved_col_connection */ ;
/*!50003 DROP PROCEDURE IF EXISTS `CreatePriority` */;
/*!50003 SET @saved_cs_client      = @@character_set_client */ ;
/*!50003 SET @saved_cs_results     = @@character_set_results */ ;
/*!50003 SET @saved_col_connection = @@collation_connection */ ;
/*!50003 SET character_set_client  = utf8mb4 */ ;
/*!50003 SET character_set_results = utf8mb4 */ ;
/*!50003 SET collation_connection  = utf8mb4_0900_ai_ci */ ;
/*!50003 SET @saved_sql_mode       = @@sql_mode */ ;
/*!50003 SET sql_mode              = 'ONLY_FULL_GROUP_BY,STRICT_TRANS_TABLES,NO_ZERO_IN_DATE,NO_ZERO_DATE,ERROR_FOR_DIVISION_BY_ZERO,NO_ENGINE_SUBSTITUTION' */ ;
DELIMITER ;;
CREATE DEFINER=`root`@`localhost` PROCEDURE `CreatePriority`(IN priorityName VARCHAR(255))
BEGIN
    IF NOT EXISTS (SELECT * FROM Priority WHERE Name = priorityName) THEN
        INSERT INTO Priority(Name) VALUES (priorityName);
    END IF;
END ;;
DELIMITER ;
/*!50003 SET sql_mode              = @saved_sql_mode */ ;
/*!50003 SET character_set_client  = @saved_cs_client */ ;
/*!50003 SET character_set_results = @saved_cs_results */ ;
/*!50003 SET collation_connection  = @saved_col_connection */ ;
/*!50003 DROP PROCEDURE IF EXISTS `CreateStatus` */;
/*!50003 SET @saved_cs_client      = @@character_set_client */ ;
/*!50003 SET @saved_cs_results     = @@character_set_results */ ;
/*!50003 SET @saved_col_connection = @@collation_connection */ ;
/*!50003 SET character_set_client  = utf8mb4 */ ;
/*!50003 SET character_set_results = utf8mb4 */ ;
/*!50003 SET collation_connection  = utf8mb4_0900_ai_ci */ ;
/*!50003 SET @saved_sql_mode       = @@sql_mode */ ;
/*!50003 SET sql_mode              = 'ONLY_FULL_GROUP_BY,STRICT_TRANS_TABLES,NO_ZERO_IN_DATE,NO_ZERO_DATE,ERROR_FOR_DIVISION_BY_ZERO,NO_ENGINE_SUBSTITUTION' */ ;
DELIMITER ;;
CREATE DEFINER=`root`@`localhost` PROCEDURE `CreateStatus`(IN statusName VARCHAR(255))
BEGIN
    IF NOT EXISTS (SELECT * FROM Status WHERE Name = statusName) THEN
        INSERT INTO Status(Name) VALUES (statusName);
    END IF;
END ;;
DELIMITER ;
/*!50003 SET sql_mode              = @saved_sql_mode */ ;
/*!50003 SET character_set_client  = @saved_cs_client */ ;
/*!50003 SET character_set_results = @saved_cs_results */ ;
/*!50003 SET collation_connection  = @saved_col_connection */ ;
/*!50003 DROP PROCEDURE IF EXISTS `CreateTask` */;
/*!50003 SET @saved_cs_client      = @@character_set_client */ ;
/*!50003 SET @saved_cs_results     = @@character_set_results */ ;
/*!50003 SET @saved_col_connection = @@collation_connection */ ;
/*!50003 SET character_set_client  = utf8mb4 */ ;
/*!50003 SET character_set_results = utf8mb4 */ ;
/*!50003 SET collation_connection  = utf8mb4_0900_ai_ci */ ;
/*!50003 SET @saved_sql_mode       = @@sql_mode */ ;
/*!50003 SET sql_mode              = 'ONLY_FULL_GROUP_BY,STRICT_TRANS_TABLES,NO_ZERO_IN_DATE,NO_ZERO_DATE,ERROR_FOR_DIVISION_BY_ZERO,NO_ENGINE_SUBSTITUTION' */ ;
DELIMITER ;;
CREATE DEFINER=`root`@`localhost` PROCEDURE `CreateTask`(
    IN taskName VARCHAR(255), 
    IN taskDescription TEXT, 
    IN taskDueDate DATE, 
    IN categoryName VARCHAR(255), 
    IN priorityName VARCHAR(255), 
    IN statusName VARCHAR(255)
)
BEGIN
    DECLARE cId INT;
    DECLARE pId INT;
    DECLARE sId INT;

     -- Fetch the category ID
    SELECT CategoryID INTO cId FROM category WHERE Name = categoryName LIMIT 1;
    -- Fetch the priority ID
    SELECT PriorityID INTO pId FROM priority WHERE Name = priorityName LIMIT 1;
    -- Fetch the status ID
    SELECT StatusID INTO sId FROM status WHERE Name = statusName LIMIT 1;
    -- Proceed to create the task
    IF NOT EXISTS (SELECT * FROM task WHERE Title = taskName) THEN
        INSERT INTO task (Title, Description, DueDate, CategoryID, PriorityID, StatusID)
        VALUES (taskName, taskDescription, taskDueDate, cId, pId, sId);
    END IF;
    
END ;;
DELIMITER ;
/*!50003 SET sql_mode              = @saved_sql_mode */ ;
/*!50003 SET character_set_client  = @saved_cs_client */ ;
/*!50003 SET character_set_results = @saved_cs_results */ ;
/*!50003 SET collation_connection  = @saved_col_connection */ ;
/*!50003 DROP PROCEDURE IF EXISTS `CreateTaskComment` */;
/*!50003 SET @saved_cs_client      = @@character_set_client */ ;
/*!50003 SET @saved_cs_results     = @@character_set_results */ ;
/*!50003 SET @saved_col_connection = @@collation_connection */ ;
/*!50003 SET character_set_client  = utf8mb4 */ ;
/*!50003 SET character_set_results = utf8mb4 */ ;
/*!50003 SET collation_connection  = utf8mb4_0900_ai_ci */ ;
/*!50003 SET @saved_sql_mode       = @@sql_mode */ ;
/*!50003 SET sql_mode              = 'ONLY_FULL_GROUP_BY,STRICT_TRANS_TABLES,NO_ZERO_IN_DATE,NO_ZERO_DATE,ERROR_FOR_DIVISION_BY_ZERO,NO_ENGINE_SUBSTITUTION' */ ;
DELIMITER ;;
CREATE DEFINER=`root`@`localhost` PROCEDURE `CreateTaskComment`(
    IN taskName VARCHAR(255), 
    IN commentText TEXT
)
BEGIN
    DECLARE tId INT;

    -- Fetch the task ID
    SELECT TaskID INTO tId FROM task WHERE Title = taskName LIMIT 1;

    -- Proceed to create the task comment
    INSERT INTO taskcomment (TaskID, Comment) VALUES (tId, commentText);
END ;;
DELIMITER ;
/*!50003 SET sql_mode              = @saved_sql_mode */ ;
/*!50003 SET character_set_client  = @saved_cs_client */ ;
/*!50003 SET character_set_results = @saved_cs_results */ ;
/*!50003 SET collation_connection  = @saved_col_connection */ ;
/*!50003 DROP PROCEDURE IF EXISTS `DeleteTask` */;
/*!50003 SET @saved_cs_client      = @@character_set_client */ ;
/*!50003 SET @saved_cs_results     = @@character_set_results */ ;
/*!50003 SET @saved_col_connection = @@collation_connection */ ;
/*!50003 SET character_set_client  = utf8mb4 */ ;
/*!50003 SET character_set_results = utf8mb4 */ ;
/*!50003 SET collation_connection  = utf8mb4_0900_ai_ci */ ;
/*!50003 SET @saved_sql_mode       = @@sql_mode */ ;
/*!50003 SET sql_mode              = 'ONLY_FULL_GROUP_BY,STRICT_TRANS_TABLES,NO_ZERO_IN_DATE,NO_ZERO_DATE,ERROR_FOR_DIVISION_BY_ZERO,NO_ENGINE_SUBSTITUTION' */ ;
DELIMITER ;;
CREATE DEFINER=`root`@`localhost` PROCEDURE `DeleteTask`(
    IN taskName VARCHAR(255)
)
BEGIN
    DECLARE tId INT;

    -- Fetch the task ID
    SELECT TaskID INTO tId FROM task WHERE Title = taskName LIMIT 1;    
    -- Proceed to delete the task
    SET SQL_SAFE_UPDATES = 0;
    DELETE FROM taskcomment WHERE TaskID = tId;
    DELETE FROM task WHERE TaskID = tId;
    SET SQL_SAFE_UPDATES = 1;
END ;;
DELIMITER ;
/*!50003 SET sql_mode              = @saved_sql_mode */ ;
/*!50003 SET character_set_client  = @saved_cs_client */ ;
/*!50003 SET character_set_results = @saved_cs_results */ ;
/*!50003 SET collation_connection  = @saved_col_connection */ ;
/*!50003 DROP PROCEDURE IF EXISTS `GetTaskByName` */;
/*!50003 SET @saved_cs_client      = @@character_set_client */ ;
/*!50003 SET @saved_cs_results     = @@character_set_results */ ;
/*!50003 SET @saved_col_connection = @@collation_connection */ ;
/*!50003 SET character_set_client  = utf8mb4 */ ;
/*!50003 SET character_set_results = utf8mb4 */ ;
/*!50003 SET collation_connection  = utf8mb4_0900_ai_ci */ ;
/*!50003 SET @saved_sql_mode       = @@sql_mode */ ;
/*!50003 SET sql_mode              = 'ONLY_FULL_GROUP_BY,STRICT_TRANS_TABLES,NO_ZERO_IN_DATE,NO_ZERO_DATE,ERROR_FOR_DIVISION_BY_ZERO,NO_ENGINE_SUBSTITUTION' */ ;
DELIMITER ;;
CREATE DEFINER=`root`@`localhost` PROCEDURE `GetTaskByName`(IN taskName VARCHAR(255))
BEGIN
    SELECT t.Title, t.Description, t.DueDate, c.Name AS CategoryName, p.Name AS PriorityName, s.Name AS StatusName
    FROM Task t
    JOIN Category c ON t.CategoryID = c.CategoryID
    JOIN Priority p ON t.PriorityID = p.PriorityID
    JOIN Status s ON t.StatusID = s.StatusID
    WHERE t.Title = taskName;
END ;;
DELIMITER ;
/*!50003 SET sql_mode              = @saved_sql_mode */ ;
/*!50003 SET character_set_client  = @saved_cs_client */ ;
/*!50003 SET character_set_results = @saved_cs_results */ ;
/*!50003 SET collation_connection  = @saved_col_connection */ ;
/*!50003 DROP PROCEDURE IF EXISTS `GetTaskByPriority` */;
/*!50003 SET @saved_cs_client      = @@character_set_client */ ;
/*!50003 SET @saved_cs_results     = @@character_set_results */ ;
/*!50003 SET @saved_col_connection = @@collation_connection */ ;
/*!50003 SET character_set_client  = utf8mb4 */ ;
/*!50003 SET character_set_results = utf8mb4 */ ;
/*!50003 SET collation_connection  = utf8mb4_0900_ai_ci */ ;
/*!50003 SET @saved_sql_mode       = @@sql_mode */ ;
/*!50003 SET sql_mode              = 'ONLY_FULL_GROUP_BY,STRICT_TRANS_TABLES,NO_ZERO_IN_DATE,NO_ZERO_DATE,ERROR_FOR_DIVISION_BY_ZERO,NO_ENGINE_SUBSTITUTION' */ ;
DELIMITER ;;
CREATE DEFINER=`root`@`localhost` PROCEDURE `GetTaskByPriority`(IN priorityName VARCHAR(255))
BEGIN
    SELECT t.Title
    FROM Task t
    JOIN Priority p ON t.PriorityID = p.PriorityID
    WHERE p.Name = priorityName;
END ;;
DELIMITER ;
/*!50003 SET sql_mode              = @saved_sql_mode */ ;
/*!50003 SET character_set_client  = @saved_cs_client */ ;
/*!50003 SET character_set_results = @saved_cs_results */ ;
/*!50003 SET collation_connection  = @saved_col_connection */ ;
/*!50003 DROP PROCEDURE IF EXISTS `GetTaskComments` */;
/*!50003 SET @saved_cs_client      = @@character_set_client */ ;
/*!50003 SET @saved_cs_results     = @@character_set_results */ ;
/*!50003 SET @saved_col_connection = @@collation_connection */ ;
/*!50003 SET character_set_client  = utf8mb4 */ ;
/*!50003 SET character_set_results = utf8mb4 */ ;
/*!50003 SET collation_connection  = utf8mb4_0900_ai_ci */ ;
/*!50003 SET @saved_sql_mode       = @@sql_mode */ ;
/*!50003 SET sql_mode              = 'ONLY_FULL_GROUP_BY,STRICT_TRANS_TABLES,NO_ZERO_IN_DATE,NO_ZERO_DATE,ERROR_FOR_DIVISION_BY_ZERO,NO_ENGINE_SUBSTITUTION' */ ;
DELIMITER ;;
CREATE DEFINER=`root`@`localhost` PROCEDURE `GetTaskComments`(IN taskTitle VARCHAR(255))
BEGIN
    SELECT t.Title, tc.Comment
    FROM TaskComment tc
    JOIN Task t ON tc.TaskID = t.TaskID
    WHERE t.Title = taskTitle;
END ;;
DELIMITER ;
/*!50003 SET sql_mode              = @saved_sql_mode */ ;
/*!50003 SET character_set_client  = @saved_cs_client */ ;
/*!50003 SET character_set_results = @saved_cs_results */ ;
/*!50003 SET collation_connection  = @saved_col_connection */ ;
/*!50003 DROP PROCEDURE IF EXISTS `UpdateTaskDueDate` */;
/*!50003 SET @saved_cs_client      = @@character_set_client */ ;
/*!50003 SET @saved_cs_results     = @@character_set_results */ ;
/*!50003 SET @saved_col_connection = @@collation_connection */ ;
/*!50003 SET character_set_client  = utf8mb4 */ ;
/*!50003 SET character_set_results = utf8mb4 */ ;
/*!50003 SET collation_connection  = utf8mb4_0900_ai_ci */ ;
/*!50003 SET @saved_sql_mode       = @@sql_mode */ ;
/*!50003 SET sql_mode              = 'ONLY_FULL_GROUP_BY,STRICT_TRANS_TABLES,NO_ZERO_IN_DATE,NO_ZERO_DATE,ERROR_FOR_DIVISION_BY_ZERO,NO_ENGINE_SUBSTITUTION' */ ;
DELIMITER ;;
CREATE DEFINER=`root`@`localhost` PROCEDURE `UpdateTaskDueDate`(
    IN taskName VARCHAR(255), 
    IN newDueDate DATE
)
BEGIN
    DECLARE tId INT;

    -- Fetch the task ID
    SELECT TaskID INTO tId FROM task WHERE Title = taskName LIMIT 1;

    -- Proceed to update the task due date
    SET SQL_SAFE_UPDATES = 0;
    UPDATE task SET DueDate = newDueDate WHERE TaskID = tId;
    SET SQL_SAFE_UPDATES = 1;
END ;;
DELIMITER ;
/*!50003 SET sql_mode              = @saved_sql_mode */ ;
/*!50003 SET character_set_client  = @saved_cs_client */ ;
/*!50003 SET character_set_results = @saved_cs_results */ ;
/*!50003 SET collation_connection  = @saved_col_connection */ ;
/*!50003 DROP PROCEDURE IF EXISTS `UpdateTaskStatus` */;
/*!50003 SET @saved_cs_client      = @@character_set_client */ ;
/*!50003 SET @saved_cs_results     = @@character_set_results */ ;
/*!50003 SET @saved_col_connection = @@collation_connection */ ;
/*!50003 SET character_set_client  = utf8mb4 */ ;
/*!50003 SET character_set_results = utf8mb4 */ ;
/*!50003 SET collation_connection  = utf8mb4_0900_ai_ci */ ;
/*!50003 SET @saved_sql_mode       = @@sql_mode */ ;
/*!50003 SET sql_mode              = 'ONLY_FULL_GROUP_BY,STRICT_TRANS_TABLES,NO_ZERO_IN_DATE,NO_ZERO_DATE,ERROR_FOR_DIVISION_BY_ZERO,NO_ENGINE_SUBSTITUTION' */ ;
DELIMITER ;;
CREATE DEFINER=`root`@`localhost` PROCEDURE `UpdateTaskStatus`(
    IN taskName VARCHAR(255), 
    IN newStatusName VARCHAR(255)
)
BEGIN
    DECLARE tId INT;
    DECLARE sId INT;

    -- Fetch the task ID
    SELECT TaskID INTO tId FROM task WHERE Title = taskName LIMIT 1;
    -- Fetch the new status ID
    SELECT StatusID INTO sId FROM status WHERE Name = newStatusName LIMIT 1;

    -- Proceed to update the task status
    SET SQL_SAFE_UPDATES = 0;
    UPDATE task SET StatusID = sId WHERE TaskID = tId;
    SET SQL_SAFE_UPDATES = 1;
END ;;
DELIMITER ;
/*!50003 SET sql_mode              = @saved_sql_mode */ ;
/*!50003 SET character_set_client  = @saved_cs_client */ ;
/*!50003 SET character_set_results = @saved_cs_results */ ;
/*!50003 SET collation_connection  = @saved_col_connection */ ;
/*!40103 SET TIME_ZONE=@OLD_TIME_ZONE */;

/*!40101 SET SQL_MODE=@OLD_SQL_MODE */;
/*!40014 SET FOREIGN_KEY_CHECKS=@OLD_FOREIGN_KEY_CHECKS */;
/*!40014 SET UNIQUE_CHECKS=@OLD_UNIQUE_CHECKS */;
/*!40101 SET CHARACTER_SET_CLIENT=@OLD_CHARACTER_SET_CLIENT */;
/*!40101 SET CHARACTER_SET_RESULTS=@OLD_CHARACTER_SET_RESULTS */;
/*!40101 SET COLLATION_CONNECTION=@OLD_COLLATION_CONNECTION */;
/*!40111 SET SQL_NOTES=@OLD_SQL_NOTES */;

-- Dump completed on 2024-04-13  8:29:11
